concept,tradition,n_now,home_n,home_top,gold_convicted
living_god,finnic,191,941,"egyptian:224, greek_mystery:164, zoroastrianism:109",True
theurgy,finnic,85,255,"greek_mystery:104, egyptian:90, jewish_mysticism:14",True
living_god,celtic,80,941,"egyptian:224, greek_mystery:164, zoroastrianism:109",True
cosmic_dualism,finnic,59,719,"neoplatonism:128, zoroastrianism:119, christian_mysticism:103",True
kingdom_within,buddhism,32,499,"neoplatonism:123, christian_mysticism:116, taoism:52",True
living_god,mandaean,30,941,"egyptian:224, greek_mystery:164, zoroastrianism:109",True
cosmic_dualism,mandaean,26,719,"neoplatonism:128, zoroastrianism:119, christian_mysticism:103",True
living_god,norse,26,941,"egyptian:224, greek_mystery:164, zoroastrianism:109",True
living_god,hinduism,26,941,"egyptian:224, greek_mystery:164, zoroastrianism:109",True
ritual_purity,native_american,26,282,"greek_mystery:91, egyptian:85, zoroastrianism:41",True
detachment_gelassenheit,hinduism,26,297,"taoism:114, christian_mysticism:60, western_esoteric:25",True
living_god,native_american,24,941,"egyptian:224, greek_mystery:164, zoroastrianism:109",True
soul_migration,platonism,24,93,"neoplatonism:36, greek_mystery:17, renaissance_hermeticism:10",True
ritual_purity,finnic,22,282,"greek_mystery:91, egyptian:85, zoroastrianism:41",True
theurgy,celtic,21,255,"greek_mystery:104, egyptian:90, jewish_mysticism:14",True
gnosis_direct_knowledge,hinduism,20,809,"neoplatonism:174, western_esoteric:127, christian_mysticism:89",True
soul_migration,hinduism,18,93,"neoplatonism:36, greek_mystery:17, renaissance_hermeticism:10",True
self_knowledge,hinduism,17,482,"neoplatonism:142, christian_mysticism:81, western_esoteric:76",True
meditation,hinduism,16,138,"taoism:25, christian_mysticism:17, greek_mystery:17",True
gnosis_direct_knowledge,mandaean,15,809,"neoplatonism:174, western_esoteric:127, christian_mysticism:89",True
childlike_innocence,finnic,15,72,"taoism:36, christian_mysticism:13, gnosticism:8",True
eschatological_judgment,mandaean,14,284,"jewish_mysticism:101, zoroastrianism:65, egyptian:57",True
ritual_purity,celtic,13,282,"greek_mystery:91, egyptian:85, zoroastrianism:41",True
cosmic_dualism,norse,12,719,"neoplatonism:128, zoroastrianism:119, christian_mysticism:103",True
ritual_purity,mandaean,11,282,"greek_mystery:91, egyptian:85, zoroastrianism:41",True
cosmic_dualism,celtic,10,719,"neoplatonism:128, zoroastrianism:119, christian_mysticism:103",True
divine_hiddenness,hinduism,10,540,"neoplatonism:90, taoism:88, western_esoteric:59",True
monad,platonism,10,601,"neoplatonism:376, taoism:52, greek_mystery:43",True
gnosis_direct_knowledge,celtic,9,809,"neoplatonism:174, western_esoteric:127, christian_mysticism:89",True
divine_hiddenness,native_american,9,540,"neoplatonism:90, taoism:88, western_esoteric:59",True
eschatological_judgment,norse,9,284,"jewish_mysticism:101, zoroastrianism:65, egyptian:57",True
divine_hiddenness,finnic,8,540,"neoplatonism:90, taoism:88, western_esoteric:59",True
eschatological_judgment,buddhism,8,284,"jewish_mysticism:101, zoroastrianism:65, egyptian:57",True
divine_hiddenness,celtic,7,540,"neoplatonism:90, taoism:88, western_esoteric:59",True
theosis_deification,buddhism,7,347,"christian_mysticism:109, egyptian:88, renaissance_hermeticism:30",True
eschatological_judgment,celtic,7,284,"jewish_mysticism:101, zoroastrianism:65, egyptian:57",True
theurgy,native_american,7,255,"greek_mystery:104, egyptian:90, jewish_mysticism:14",True
kingdom_within,hinduism,6,499,"neoplatonism:123, christian_mysticism:116, taoism:52",True
childlike_innocence,celtic,6,72,"taoism:36, christian_mysticism:13, gnosticism:8",True
monad,hinduism,5,601,"neoplatonism:376, taoism:52, greek_mystery:43",True
anthropomorphism,finnic,219,755,"egyptian:281, greek_mystery:174, jewish_mysticism:53",False
prayer,finnic,78,437,"greek_mystery:116, zoroastrianism:104, egyptian:100",False
divine_providence,celtic,70,514,"neoplatonism:99, jewish_mysticism:86, greek_mystery:79",False
divine_providence,finnic,61,514,"neoplatonism:99, jewish_mysticism:86, greek_mystery:79",False
numerical_mysticism,finnic,52,351,"jewish_mysticism:75, egyptian:56, neoplatonism:47",False
sacred_names,finnic,48,522,"egyptian:233, greek_mystery:111, jewish_mysticism:62",False
anthropomorphism,celtic,46,755,"egyptian:281, greek_mystery:174, jewish_mysticism:53",False
ritual_fire,finnic,42,183,"greek_mystery:97, egyptian:40, zoroastrianism:24",False
prayer,celtic,42,437,"greek_mystery:116, zoroastrianism:104, egyptian:100",False
spiritual_ascent,buddhism,41,755,"neoplatonism:211, egyptian:147, western_esoteric:83",False
letters_of_creation,western_esoteric,41,34,jewish_mysticism:34,False
prayer,native_american,32,437,"greek_mystery:116, zoroastrianism:104, egyptian:100",False
cosmic_sympathy,finnic,32,189,"neoplatonism:66, greek_mystery:32, christian_mysticism:24",False
anthropomorphism,mandaean,30,755,"egyptian:281, greek_mystery:174, jewish_mysticism:53",False
alchemical_work,finnic,30,158,"christian_mysticism:80, renaissance_hermeticism:27, sufism:14",False
return_to_source,buddhism,29,697,"neoplatonism:222, christian_mysticism:102, taoism:75",False
love_of_neighbour,celtic,29,90,"taoism:17, greek_mystery:12, zoroastrianism:10",False
divine_light,mandaean,29,638,"egyptian:112, christian_mysticism:107, neoplatonism:97",False
separation_from_source,finnic,28,299,"christian_mysticism:74, neoplatonism:60, renaissance_hermeticism:45",False
divine_light,platonism,27,638,"egyptian:112, christian_mysticism:107, neoplatonism:97",False
divine_light,finnic,25,638,"egyptian:112, christian_mysticism:107, neoplatonism:97",False
unity_of_being,hinduism,24,997,"neoplatonism:411, taoism:155, western_esoteric:118",False
psychopomp_journey,finnic,24,332,"egyptian:261, greek_mystery:21, zoroastrianism:16",False
hidden_sayings,celtic,23,496,"jewish_mysticism:78, greek_mystery:75, gnosticism:64",False
anthropomorphism,norse,23,755,"egyptian:281, greek_mystery:174, jewish_mysticism:53",False
divine_marriage,finnic,23,122,"christian_mysticism:28, greek_mystery:27, gnosticism:16",False
body_as_obstacle,buddhism,23,569,"neoplatonism:259, christian_mysticism:79, renaissance_hermeticism:44",False
sephirot,western_esoteric,23,38,"jewish_mysticism:36, christian_mysticism:1, renaissance_hermeticism:1",False
return_to_source,hinduism,22,697,"neoplatonism:222, christian_mysticism:102, taoism:75",False
ritual_fire,neoplatonism,21,183,"greek_mystery:97, egyptian:40, zoroastrianism:24",False
permutation_of_letters,western_esoteric,21,26,jewish_mysticism:26,False
divine_providence,native_american,21,514,"neoplatonism:99, jewish_mysticism:86, greek_mystery:79",False
pneumatic_elect,platonism,20,228,"gnosticism:36, christian_mysticism:31, hermeticism:31",False
funerary_navigation,finnic,20,417,"egyptian:367, greek_mystery:22, zoroastrianism:7",False
love_of_neighbour,finnic,19,90,"taoism:17, greek_mystery:12, zoroastrianism:10",False
ritual_fire,western_esoteric,19,183,"greek_mystery:97, egyptian:40, zoroastrianism:24",False
prayer,mandaean,19,437,"greek_mystery:116, zoroastrianism:104, egyptian:100",False
correspondence,finnic,19,487,"neoplatonism:105, christian_mysticism:85, western_esoteric:67",False
hidden_sayings,finnic,18,496,"jewish_mysticism:78, greek_mystery:75, gnosticism:64",False
mystical_union,hinduism,18,731,"neoplatonism:196, christian_mysticism:106, egyptian:98",False
fasting_and_prayer,native_american,18,85,"greek_mystery:29, zoroastrianism:15, christian_mysticism:10",False
anthropomorphism,native_american,17,755,"egyptian:281, greek_mystery:174, jewish_mysticism:53",False
emanation_hierarchy,platonism,17,842,"neoplatonism:545, greek_mystery:76, christian_mysticism:41",False
renunciation_of_wealth,finnic,16,158,"taoism:55, greek_mystery:22, gnosticism:16",False
self_examination,buddhism,16,131,"christian_mysticism:23, egyptian:19, greek_mystery:14",False
covenant,celtic,16,102,"zoroastrianism:46, jewish_mysticism:22, christian_mysticism:15",False
return_to_source,mandaean,15,697,"neoplatonism:222, christian_mysticism:102, taoism:75",False
love_of_neighbour,native_american,15,90,"taoism:17, greek_mystery:12, zoroastrianism:10",False
sacred_names,mandaean,15,522,"egyptian:233, greek_mystery:111, jewish_mysticism:62",False
spiritual_ascent,mandaean,15,755,"neoplatonism:211, egyptian:147, western_esoteric:83",False
sacred_names,celtic,14,522,"egyptian:233, greek_mystery:111, jewish_mysticism:62",False
covenant,finnic,14,102,"zoroastrianism:46, jewish_mysticism:22, christian_mysticism:15",False
divine_providence,hinduism,14,514,"neoplatonism:99, jewish_mysticism:86, greek_mystery:79",False
forbidden_knowledge,finnic,14,43,"jewish_mysticism:16, christian_mysticism:10, greek_mystery:7",False
renunciation_of_wealth,celtic,13,158,"taoism:55, greek_mystery:22, gnosticism:16",False
ritual_fire,native_american,13,183,"greek_mystery:97, egyptian:40, zoroastrianism:24",False
funerary_navigation,western_esoteric,13,417,"egyptian:367, greek_mystery:22, zoroastrianism:7",False
correspondence,native_american,13,487,"neoplatonism:105, christian_mysticism:85, western_esoteric:67",False
cosmic_sympathy,native_american,13,189,"neoplatonism:66, greek_mystery:32, christian_mysticism:24",False
hidden_sayings,norse,12,496,"jewish_mysticism:78, greek_mystery:75, gnosticism:64",False
funerary_navigation,platonism,12,417,"egyptian:367, greek_mystery:22, zoroastrianism:7",False
psychopomp_journey,native_american,12,332,"egyptian:261, greek_mystery:21, zoroastrianism:16",False
cosmic_sympathy,celtic,12,189,"neoplatonism:66, greek_mystery:32, christian_mysticism:24",False
mechanical_humanity,platonism,12,166,"western_esoteric:139, christian_mysticism:9, neoplatonism:5",False
sacred_names,norse,11,522,"egyptian:233, greek_mystery:111, jewish_mysticism:62",False
logos,platonism,11,551,"neoplatonism:287, christian_mysticism:91, hermeticism:39",False
psychopomp_journey,platonism,11,332,"egyptian:261, greek_mystery:21, zoroastrianism:16",False
divine_intoxication,neoplatonism,11,70,"renaissance_hermeticism:27, western_esoteric:12, greek_mystery:10",False
inner_light,buddhism,10,478,"christian_mysticism:112, neoplatonism:95, renaissance_hermeticism:56",False
renunciation_of_wealth,hinduism,10,158,"taoism:55, greek_mystery:22, gnosticism:16",False
paradox_as_teaching,celtic,10,852,"taoism:240, western_esoteric:125, neoplatonism:118",False
apophatic_theology,hinduism,10,659,"neoplatonism:265, taoism:120, western_esoteric:73",False
numerical_mysticism,celtic,10,351,"jewish_mysticism:75, egyptian:56, neoplatonism:47",False
numerical_mysticism,native_american,10,351,"jewish_mysticism:75, egyptian:56, neoplatonism:47",False
covenant,native_american,10,102,"zoroastrianism:46, jewish_mysticism:22, christian_mysticism:15",False
opposites_transcended,hinduism,9,578,"taoism:154, neoplatonism:145, western_esoteric:77",False
rejection_of_hypocrisy,native_american,9,251,"taoism:76, christian_mysticism:32, zoroastrianism:30",False
self_examination,finnic,9,131,"christian_mysticism:23, egyptian:19, greek_mystery:14",False
infinite_cosmos,gnosticism,9,118,"western_esoteric:61, renaissance_hermeticism:29, taoism:8",False
return_to_source,finnic,8,697,"neoplatonism:222, christian_mysticism:102, taoism:75",False
divine_light,hinduism,8,638,"egyptian:112, christian_mysticism:107, neoplatonism:97",False
spiritual_ascent,finnic,8,755,"neoplatonism:211, egyptian:147, western_esoteric:83",False
funerary_navigation,buddhism,8,417,"egyptian:367, greek_mystery:22, zoroastrianism:7",False
divine_providence,norse,8,514,"neoplatonism:99, jewish_mysticism:86, greek_mystery:79",False
correspondence,celtic,8,487,"neoplatonism:105, christian_mysticism:85, western_esoteric:67",False
inner_light,hinduism,7,478,"christian_mysticism:112, neoplatonism:95, renaissance_hermeticism:56",False
renunciation_of_wealth,native_american,7,158,"taoism:55, greek_mystery:22, gnosticism:16",False
paradox_as_teaching,norse,7,852,"taoism:240, western_esoteric:125, neoplatonism:118",False
sacred_names,native_american,7,522,"egyptian:233, greek_mystery:111, jewish_mysticism:62",False
inner_silence,hinduism,7,252,"taoism:115, neoplatonism:46, christian_mysticism:22",False
wu_wei,hinduism,7,232,"taoism:225, christian_mysticism:3, western_esoteric:3",False
prayer,hinduism,7,437,"greek_mystery:116, zoroastrianism:104, egyptian:100",False
alchemical_work,celtic,7,158,"christian_mysticism:80, renaissance_hermeticism:27, sufism:14",False
hidden_sayings,hinduism,6,496,"jewish_mysticism:78, greek_mystery:75, gnosticism:64",False
hidden_sayings,native_american,6,496,"jewish_mysticism:78, greek_mystery:75, gnosticism:64",False
rejection_of_hypocrisy,hinduism,6,251,"taoism:76, christian_mysticism:32, zoroastrianism:30",False
archons,western_esoteric,6,64,"christian_mysticism:19, hermeticism:11, gnosticism:9",False
body_as_obstacle,mandaean,6,569,"neoplatonism:259, christian_mysticism:79, renaissance_hermeticism:44",False
divine_light,buddhism,6,638,"egyptian:112, christian_mysticism:107, neoplatonism:97",False
ritual_fire,celtic,6,183,"greek_mystery:97, egyptian:40, zoroastrianism:24",False
heroic_furor,finnic,6,124,"renaissance_hermeticism:108, christian_mysticism:4, greek_mystery:4",False
microcosm_macrocosm,finnic,6,368,"christian_mysticism:102, neoplatonism:56, renaissance_hermeticism:47",False
forbidden_knowledge,celtic,6,43,"jewish_mysticism:16, christian_mysticism:10, greek_mystery:7",False
renunciation_of_wealth,mandaean,5,158,"taoism:55, greek_mystery:22, gnosticism:16",False
rejection_of_hypocrisy,norse,5,251,"taoism:76, christian_mysticism:32, zoroastrianism:30",False
anthropomorphism,hinduism,5,755,"egyptian:281, greek_mystery:174, jewish_mysticism:53",False
divine_marriage,native_american,5,122,"christian_mysticism:28, greek_mystery:27, gnosticism:16",False
body_as_obstacle,finnic,5,569,"neoplatonism:259, christian_mysticism:79, renaissance_hermeticism:44",False
spiritual_ascent,celtic,5,755,"neoplatonism:211, egyptian:147, western_esoteric:83",False
numerical_mysticism,norse,5,351,"jewish_mysticism:75, egyptian:56, neoplatonism:47",False
psychopomp_journey,norse,5,332,"egyptian:261, greek_mystery:21, zoroastrianism:16",False
asha_cosmic_order,western_esoteric,5,162,"zoroastrianism:126, egyptian:28, greek_mystery:4",False
fasting_and_prayer,celtic,5,85,"greek_mystery:29, zoroastrianism:15, christian_mysticism:10",False
letters_of_creation,gnosticism,5,34,jewish_mysticism:34,False
letters_of_creation,renaissance_hermeticism,5,34,jewish_mysticism:34,False
letter_meditation,western_esoteric,5,25,jewish_mysticism:25,False
inner_silence,norse,5,252,"taoism:115, neoplatonism:46, christian_mysticism:22",False
divine_madness,celtic,5,124,"renaissance_hermeticism:65, greek_mystery:20, western_esoteric:13",False
angra_mainyu_principle,western_esoteric,5,97,"zoroastrianism:94, christian_mysticism:3",False
aeons,western_esoteric,5,42,"hermeticism:11, greek_mystery:10, neoplatonism:8",False
separation_from_source,celtic,5,299,"christian_mysticism:74, neoplatonism:60, renaissance_hermeticism:45",False
separation_from_source,mandaean,5,299,"christian_mysticism:74, neoplatonism:60, renaissance_hermeticism:45",False
divine_intoxication,finnic,5,70,"renaissance_hermeticism:27, western_esoteric:12, greek_mystery:10",False
forbidden_knowledge,norse,5,43,"jewish_mysticism:16, christian_mysticism:10, greek_mystery:7",False
